{
    "rmse": 0.7256075151977377,
    "mae": 0.5837028613745426,
    "r2": 0.19433581419610346
}